case_id,stored_dept,corrected_dept,confidence,county_dept,panel_dept,panel_used
75866,,3,MED,3,,0
75869,,1,MED,1,,0
75894,,1,MED,1,,0
75902,,3,MED,3,,0
75906,,1,MED,1,,0
75921,,3,MED,3,,0
75923,,2,MED,2,,0
75951,,1,MED,1,,0
75965,,4,MED,4,,0
75985,,4,MED,4,,0
75991,,1,MED,1,,0
76010,,3,MED,3,,0
76021,,1,MED,1,,0
76042,,1,MED,1,,0
76072,,3,MED,3,,0
76090,,2,MED,2,,0
76129,,3,MED,3,,0
76136,,1,MED,1,,0
76137,,1,MED,1,,0
76140,,1,MED,1,,0
76145,,1,MED,1,,0
76158,,3,MED,3,,0
76184,,1,MED,1,,0
109723,,1,MED,1,,0
109735,,2,MED,2,,0
109745,,4,MED,4,,0
109753,,1,MED,1,,0
109778,,3,MED,3,,0
109805,,4,MED,4,3,2
109810,,4,MED,4,,0
109815,,2,MED,2,,0
109825,,1,MED,1,,0
109857,,2,MED,2,,0
109859,,1,MED,1,,0
109870,,2,MED,2,,0
109906,,1,MED,1,,0
109914,,2,MED,2,,0
109916,,3,MED,3,,0
109962,,1,MED,1,,0
165615,,4,MED,4,,0
165621,,1,MED,1,,0
165631,,2,MED,2,,0
165635,,4,MED,4,,0
165637,,2,MED,2,,0
165654,,2,MED,2,,0
165681,,1,MED,1,,0
165696,,3,MED,3,3,2
165719,,3,MED,3,3,2
165756,,4,MED,4,,0
165779,,2,MED,2,,0
165782,,4,MED,4,,0
165797,,2,MED,2,,0
165807,,4,MED,4,3,2
165818,,3,MED,3,,0
165840,,2,MED,2,3,2
188381,,1,MED,1,,0
188433,,1,MED,1,,0
188458,,4,MED,4,3,2
188459,,1,MED,1,,0
188534,,3,MED,3,3,2
188556,,1,MED,1,,0
188565,,1,MED,1,,0
188573,,4,MED,4,,0
188574,,1,MED,1,,0
188584,,1,MED,1,,0
188595,,2,MED,2,,0
188644,,1,MED,1,,0
203001,,2,MED,2,3,1
203106,,2,MED,2,3,1
203111,,1,MED,1,,0
203138,,2,MED,2,,0
203188,,2,MED,2,,0
203201,,3,MED,3,3,1
282453,,1,MED,1,,0
282489,,1,MED,1,,0
282536,,3,MED,3,,0
282552,,2,MED,2,3,1
282566,,3,MED,3,,0
282569,,2,MED,2,,0
282598,,2,MED,2,3,1
282604,,4,MED,4,,0
282606,,2,MED,2,3,1
282620,,1,MED,1,,0
295004,,2,MED,2,,0
295021,,1,MED,1,,0
295045,,2,MED,2,3,1
295079,,2,MED,2,,0
319929,,2,MED,2,,0
319975,,4,MED,4,,0
320020,,3,MED,3,,0
320044,,2,MED,2,,0
320046,,1,MED,1,,0
320163,,2,MED,2,,0
320231,,1,MED,1,,0
320249,,2,MED,2,,0
320298,,3,MED,3,3,2
320300,,1,MED,1,,0
320306,,1,MED,1,,0
320308,,2,MED,2,,0
320313,,4,MED,4,3,2
456511,,1,MED,1,,0
456524,,1,MED,1,,0
456526,,1,MED,1,,0
456537,,3,MED,3,,0
456548,,1,MED,1,,0
456564,,2,MED,2,,0
456607,,1,MED,1,,0
456656,,2,MED,2,,0
456676,,2,MED,2,,0
525041,,1,MED,1,,0
525062,,3,MED,3,,0
525068,,1,MED,1,,0
525070,,2,MED,2,,0
525080,,4,MED,4,,0
525091,,1,MED,1,,0
525092,,3,MED,3,,0
525104,,1,MED,1,,0
525125,,1,MED,1,,0
525174,,2,MED,2,,0
525179,,2,MED,2,,0
579574,,2,MED,2,,0
579585,,1,MED,1,,0
579638,,1,MED,1,,0
579641,,2,MED,2,,0
579675,,2,MED,2,,0
579697,,2,MED,2,,0
579705,,2,MED,2,,0
618638,,4,MED,4,,0
618657,,4,MED,4,,0
618696,,2,MED,2,,0
618702,,4,MED,4,,0
618721,,4,MED,4,,0
618722,,1,MED,1,,0
618841,,1,MED,1,,0
618869,,4,MED,4,,0
725002,,1,MED,1,,0
725023,,2,MED,2,,0
725025,,1,MED,1,,0
725053,,2,MED,2,,0
725055,,1,MED,1,,0
725085,,4,MED,4,3,2
725121,,1,MED,1,,0
725122,,4,MED,4,3,2
725129,,1,MED,1,,0
725142,,2,MED,2,,0
725196,,1,MED,1,,0
725209,,2,MED,2,,0
983958,,3,MED,3,,0
984026,,1,MED,1,,0
1061672,,2,MED,2,,0
1061704,,3,MED,3,,0
1061756,,3,MED,3,,0
1061798,,2,MED,2,,0
1101097,,2,MED,2,,0
1101116,,2,MED,2,,0
1101117,,1,MED,1,,0
1101136,,2,MED,2,,0
1101160,,1,MED,1,,0
1101168,,3,MED,3,,0
1101172,,1,MED,1,,0
1101181,,2,MED,2,,0
1101187,,1,MED,1,,0
1101216,,1,MED,1,,0
1101217,,1,MED,1,,0
1101218,,4,MED,4,,0
1101240,,2,MED,2,,0
1101256,,1,MED,1,,0
1101261,,2,MED,2,,0
1101273,,2,MED,2,,0
1101275,,2,MED,2,,0
1101295,,2,MED,2,,0
1101298,,1,MED,1,,0
1101301,,2,MED,2,,0
1188868,,4,MED,4,,0
1188979,,2,MED,2,,0
1189017,,4,MED,4,,0
1189058,,2,MED,2,,0
1189116,,4,MED,4,3,1
1189166,,4,MED,4,,0
1189230,,4,MED,4,,0
1189319,,2,MED,2,,0
1189331,,2,MED,2,,0
1189457,,3,MED,3,,0
1249164,,1,MED,1,,0
1249234,,3,MED,3,,0
1961176,,2,MED,2,,0
1996346,,2,MED,2,,0
2002620,,1,MED,1,,0
2022950,,2,MED,2,,0
2034003,,1,MED,1,,0
2039595,,1,MED,1,,0
2045218,,1,MED,1,,0
2047753,,2,MED,2,,0
2049186,,1,MED,1,,0
2054060,,4,MED,4,,0
2056350,,2,MED,2,,0
2058550,,2,MED,2,,0
2058728,,1,MED,1,,0
2060667,,2,MED,2,,0
2062532,,4,MED,4,,0
2064458,,2,MED,2,,0
2064526,,1,MED,1,,0
2064596,,2,MED,2,,0
2064654,,3,MED,3,,0
2066921,,2,MED,2,,0
2066995,,1,MED,1,,0
2067350,,3,MED,3,,0
2071970,,3,MED,3,,0
2071973,,4,MED,4,,0
2072041,,1,MED,1,,0
2074260,,1,MED,1,,0
2076686,,1,MED,1,,0
2076713,,4,MED,4,,0
2076842,,3,MED,3,,0
2078637,,1,MED,1,,0
2078682,,2,MED,2,,0
2078696,,1,MED,1,,0
2078698,,3,MED,3,,0
2078959,,4,MED,4,,0
2080270,,1,MED,1,,0
2080402,,3,MED,3,,0
2080464,,4,MED,4,,0
2175606,,2,MED,2,,0
2175659,,3,MED,3,,0
2175660,,3,MED,3,,0
2175690,,2,MED,2,,0
2175711,,2,MED,2,,0
2175731,,2,MED,2,,0
2175758,,4,MED,4,4,1
2175766,,2,MED,2,,0
2222767,,4,MED,4,,0
2225416,,1,MED,1,,0
2225453,,2,MED,2,,0
2225460,,2,MED,2,,0
2227368,,2,MED,2,,0
2227381,,1,MED,1,,0
2227387,,2,MED,2,,0
2227389,,1,MED,1,,0
2227400,,1,MED,1,,0
2227447,,1,MED,1,,0
2229644,,1,MED,1,,0
2229790,,1,MED,1,,0
2229810,,2,MED,2,,0
2232179,,1,MED,1,,0
2232196,,1,MED,1,,0
2232200,,1,MED,1,,0
2232238,,2,MED,2,,0
2232298,,1,MED,1,,0
2232359,,1,MED,1,,0
2232531,,4,MED,4,,0
2232539,,2,MED,2,,0
2233981,,1,MED,1,,0
2234062,,1,MED,1,,0
2234082,,1,MED,1,,0
2234111,,2,MED,2,,0
2234128,,3,MED,3,,0
2234154,,1,MED,1,,0
2234172,,1,MED,1,,0
2234346,,3,MED,3,,0
2236454,,1,MED,1,,0
2236467,,2,MED,2,,0
2236470,,2,MED,2,,0
2236496,,1,MED,1,,0
2236543,,3,MED,3,,0
2236585,,1,MED,1,,0
2236602,,3,MED,3,,0
2238921,,2,MED,2,,0
2238928,,2,MED,2,,0
2238931,,1,MED,1,,0
2238967,,1,MED,1,,0
2238970,,4,MED,4,,0
2238978,,4,MED,4,,0
2241523,,1,MED,1,,0
2241533,,1,MED,1,,0
2241650,,3,MED,3,,0
2241690,,4,MED,4,,0
2241692,,1,MED,1,,0
2241699,,3,MED,3,,0
2244006,,1,MED,1,,0
2244049,,1,MED,1,,0
2244094,,4,MED,4,,0
2244192,,1,MED,1,,0
2244229,,3,MED,3,,0
2244249,,1,MED,1,,0
2244260,,1,MED,1,,0
2244317,,4,MED,4,,0
2244321,,1,MED,1,,0
2244377,,2,MED,2,,0
2245705,,4,MED,4,,0
2245719,,4,MED,4,,0
2245841,,4,MED,4,,0
2245853,,2,MED,2,,0
2245916,,4,MED,4,,0
2245964,,2,MED,2,,0
2245994,,1,MED,1,,0
2246017,,2,MED,2,,0
2246062,,2,MED,2,,0
2248140,,1,MED,1,,0
2248259,,2,MED,2,,0
2248276,,2,MED,2,,0
2248471,,1,MED,1,,0
2248475,,1,MED,1,,0
2250177,,4,MED,4,,0
2250191,,2,MED,2,,0
2250209,,4,MED,4,,0
2250223,,4,MED,4,,0
2250452,,1,MED,1,,0
2250466,,2,MED,2,,0
2250537,,2,MED,2,,0
2252443,,1,MED,1,,0
2252465,,2,MED,2,,0
2252551,,1,MED,1,,0
2252563,,2,MED,2,,0
2252568,,1,MED,1,,0
2252705,,1,MED,1,,0
2252746,,2,MED,2,,0
2254154,,3,MED,3,,0
2254157,,4,MED,4,,0
2254169,,2,MED,2,,0
2254179,,2,MED,2,,0
2254184,,1,MED,1,,0
2254189,,2,MED,2,,0
2254194,,3,MED,3,,0
2254361,,1,MED,1,,0
2256305,,2,MED,2,,0
2256334,,2,MED,2,,0
2256441,,3,MED,3,,0
2256517,,4,MED,4,,0
2256528,,1,MED,1,,0
2256535,,1,MED,1,,0
2256711,,2,MED,2,,0
2256801,,2,MED,2,,0
2258362,,1,MED,1,,0
2258462,,3,MED,3,,0
2258469,,2,MED,2,,0
2258475,,4,MED,4,,0
2258541,,2,MED,2,,0
2258703,,2,MED,2,,0
2260402,,4,MED,4,,0
2260407,,1,MED,1,,0
2260408,,2,MED,2,,0
2260411,,2,MED,2,,0
2260415,,2,MED,2,,0
2260417,,1,MED,1,,0
2260437,,1,MED,1,,0
2260553,,1,MED,1,,0
2262478,,2,MED,2,,0
2262483,,1,MED,1,,0
2262496,,4,MED,4,,0
2262512,,2,MED,2,,0
2262532,,2,MED,2,,0
2262548,,2,MED,2,,0
2264509,,2,MED,2,,0
2264538,,2,MED,2,,0
2264558,,2,MED,2,,0
2264564,,2,MED,2,,0
2264591,,2,MED,2,,0
2264615,,2,MED,2,,0
2264616,,4,MED,4,,0
2264720,,3,MED,3,,0
2264737,,1,MED,1,,0
2264766,,4,MED,4,,0
2264833,,4,MED,4,,0
2267016,,1,MED,1,,0
2267086,,1,MED,1,,0
2267092,,2,MED,2,,0
2267168,,4,MED,4,,0
2268896,,2,MED,2,,0
2268898,,2,MED,2,,0
2268933,,2,MED,2,,0
2268973,,2,MED,2,,0
2268976,,1,MED,1,,0
2269023,,1,MED,1,,0
2269059,,1,MED,1,,0
2269071,,1,MED,1,,0
2269103,,2,MED,2,,0
2269124,,2,MED,2,,0
2269357,,1,MED,1,,0
2269362,,2,MED,2,,0
2271464,,1,MED,1,,0
2271474,,1,MED,1,,0
2271475,,1,MED,1,,0
2271479,,1,MED,1,,0
2271497,,1,MED,1,,0
2271500,,2,MED,2,,0
2271501,,2,MED,2,,0
2271522,,1,MED,1,,0
2271532,,1,MED,1,,0
2271539,,1,MED,1,,0
2271627,,3,MED,3,,0
2271638,,1,MED,1,,0
2271662,,1,MED,1,,0
2271725,,1,MED,1,,0
2271732,,1,MED,1,,0
2271741,,1,MED,1,,0
2271743,,1,MED,1,,0
2271761,,1,MED,1,,0
2271768,,1,MED,1,,0
2271796,,1,MED,1,,0
2271833,,1,MED,1,,0
2271855,,4,MED,4,,0
2271880,,2,MED,2,,0
2271923,,1,MED,1,,0
2271926,,2,MED,2,,0
2271939,,1,MED,1,,0
2271958,,2,MED,2,,0
2271960,,1,MED,1,,0
2273571,,1,MED,1,,0
2273573,,2,MED,2,,0
2273587,,1,MED,1,,0
2273655,,2,MED,2,,0
2273668,,2,MED,2,,0
2273681,,1,MED,1,,0
2273713,,2,MED,2,,0
2273756,,2,MED,2,,0
2273784,,2,MED,2,,0
2273837,,1,MED,1,,0
2273843,,2,MED,2,,0
2273874,,1,MED,1,,0
2273979,,2,MED,2,,0
2274013,,3,MED,3,,0
2274027,,3,MED,3,,0
2274087,,1,MED,1,,0
2274089,,3,MED,3,,0
2274113,,1,MED,1,,0
2274193,,2,MED,2,,0
2275422,,2,MED,2,,0
2275454,,1,MED,1,,0
2275467,,2,MED,2,,0
2275472,,2,MED,2,,0
2275510,,1,MED,1,,0
2275525,,2,MED,2,,0
2275533,,1,MED,1,,0
2275581,,1,MED,1,,0
2275610,,2,MED,2,,0
2275614,,2,MED,2,,0
2275646,,2,MED,2,,0
2275704,,1,MED,1,,0
2275714,,2,MED,2,,0
2275765,,3,MED,3,,0
2275851,,1,MED,1,,0
2275861,,2,MED,2,,0
2275960,,1,MED,1,,0
2275991,,1,MED,1,,0
2276031,,2,MED,2,,0
2276071,,2,MED,2,,0
2277939,,2,MED,2,,0
2277963,,1,MED,1,,0
2278027,,2,MED,2,,0
2278079,,2,MED,2,,0
2278090,,1,MED,1,,0
2278130,,2,MED,2,,0
2278173,,2,MED,2,,0
2278178,,1,MED,1,,0
2278180,,2,MED,2,,0
2278195,,1,MED,1,,0
2278294,,1,MED,1,,0
2278305,,1,MED,1,,0
2278312,,1,MED,1,,0
2278331,,1,MED,1,,0
2280570,,3,MED,3,,0
2280571,,2,MED,2,,0
2280576,,1,MED,1,,0
2280588,,2,MED,2,,0
2280627,,3,MED,3,,0
2280630,,3,MED,3,,0
2280635,,2,MED,2,,0
2280642,,1,MED,1,,0
2280644,,1,MED,1,,0
2280648,,2,MED,2,,0
2280670,,2,MED,2,,0
2280673,,1,MED,1,,0
2280683,,1,MED,1,,0
2280686,,2,MED,2,,0
2280709,,1,MED,1,,0
2280752,,1,MED,1,,0
2280753,,2,MED,2,,0
2280760,,2,MED,2,,0
2280761,,1,MED,1,,0
2280767,,2,MED,2,,0
2280810,,2,MED,2,,0
2280822,,2,MED,2,,0
2280824,,1,MED,1,,0
2280825,,2,MED,2,,0
2280841,,2,MED,2,,0
2280878,,1,MED,1,,0
2280890,,2,MED,2,,0
2280892,,2,MED,2,,0
2280898,,2,MED,2,,0
2280907,,2,MED,2,,0
2280914,,2,MED,2,,0
2282482,,1,MED,1,,0
2282484,,1,MED,1,,0
2282493,,1,MED,1,,0
2282497,,1,MED,1,,0
2282498,,2,MED,2,,0
2282523,,4,MED,4,,0
2282527,,2,MED,2,,0
2282536,,2,MED,2,,0
2282537,,1,MED,1,,0
2282558,,2,MED,2,,0
2282564,,2,MED,2,,0
2282573,,1,MED,1,,0
2282586,,1,MED,1,,0
2282602,,1,MED,1,,0
2282603,,2,MED,2,,0
2282607,,2,MED,2,,0
2282609,,1,MED,1,,0
2282615,,2,MED,2,,0
2282618,,4,MED,4,,0
2282623,,1,MED,1,,0
2282641,,2,MED,2,,0
2282650,,2,MED,2,,0
2282701,,2,MED,2,,0
2282782,,2,MED,2,,0
2284819,,3,MED,3,,0
2284831,,4,MED,4,,0
2284832,,2,MED,2,,0
2284838,,2,MED,2,,0
2284845,,4,MED,4,,0
2284848,,1,MED,1,,0
2284854,,2,MED,2,,0
2284860,,2,MED,2,,0
2284865,,1,MED,1,,0
2284872,,1,MED,1,,0
2284873,,1,MED,1,,0
2284879,,2,MED,2,,0
2284880,,1,MED,1,,0
2284883,,2,MED,2,,0
2284884,,2,MED,2,,0
2284887,,1,MED,1,,0
2284888,,2,MED,2,,0
2284897,,4,MED,4,,0
2284911,,4,MED,4,,0
2284918,,2,MED,2,,0
2284926,,2,MED,2,,0
2284941,,4,MED,4,,0
2284945,,1,MED,1,,0
2284950,,1,MED,1,,0
2284951,,1,MED,1,,0
2284970,,3,MED,3,,0
2284985,,1,MED,1,,0
2285003,,2,MED,2,,0
2285066,,4,MED,4,,0
2285107,,2,MED,2,,0
2285113,,1,MED,1,,0
2285131,,1,MED,1,,0
2287417,,1,MED,1,,0
2287430,,2,MED,2,,0
2287441,,2,MED,2,,0
2287447,,1,MED,1,,0
2287454,,1,MED,1,,0
2287472,,1,MED,1,,0
2287501,,1,MED,1,,0
2287512,,3,MED,3,,0
2287520,,1,MED,1,,0
2287549,,1,MED,1,,0
2287614,,1,MED,1,,0
2287783,,2,MED,2,,0
2287845,,2,MED,2,,0
2287870,,1,MED,1,,0
2287878,,1,MED,1,,0
2287889,,2,MED,2,,0
2289549,,1,MED,1,,0
2289555,,1,MED,1,,0
2289572,,2,MED,2,,0
2289586,,1,MED,1,,0
2289590,,1,MED,1,,0
2289599,,1,MED,1,,0
2289697,,2,MED,2,,0
2289701,,2,MED,2,,0
2289730,,2,MED,2,,0
2289739,,3,MED,3,,0
2289743,,1,MED,1,,0
2289751,,3,MED,3,,0
2289789,,1,MED,1,,0
2289798,,1,MED,1,,0
2289804,,3,MED,3,,0
2289836,,1,MED,1,,0
2292095,,1,MED,1,,0
2292098,,3,MED,3,,0
2292111,,2,MED,2,,0
2292121,,1,MED,1,,0
2292128,,1,MED,1,,0
2292145,,4,MED,4,,0
2292151,,1,MED,1,,0
2292158,,1,MED,1,,0
2292159,,2,MED,2,,0
2292164,,3,MED,3,,0
2292185,,1,MED,1,,0
2292202,,2,MED,2,,0
2292209,,1,MED,1,,0
2292225,,4,MED,4,,0
2292228,,4,MED,4,,0
2292238,,2,MED,2,,0
2292251,,1,MED,1,,0
2292252,,2,MED,2,,0
2292300,,2,MED,2,,0
2294269,,1,MED,1,,0
2294284,,3,MED,3,,0
2294304,,3,MED,3,,0
2294339,,1,MED,1,,0
2294363,,2,MED,2,,0
2294380,,1,MED,1,,0
2294431,,1,MED,1,,0
2294437,,1,MED,1,,0
2294447,,2,MED,2,,0
2294454,,1,MED,1,,0
2294470,,1,MED,1,,0
2294473,,2,MED,2,,0
2294474,,1,MED,1,,0
2294477,,1,MED,1,,0
2294485,,1,MED,1,,0
2294490,,3,MED,3,,0
2294501,,1,MED,1,,0
2294507,,1,MED,1,,0
2294530,,1,MED,1,,0
2294565,,1,MED,1,,0
2294566,,2,MED,2,,0
2294571,,1,MED,1,,0
2294578,,4,MED,4,,0
2294600,,4,MED,4,,0
2294608,,1,MED,1,,0
2294616,,2,MED,2,,0
2296859,,2,MED,2,,0
2296880,,1,MED,1,,0
2296883,,2,MED,2,,0
2296909,,2,MED,2,,0
2296941,,2,MED,2,,0
2296949,,1,MED,1,,0
2296971,,1,MED,1,,0
2297001,,2,MED,2,,0
2297004,,4,MED,4,,0
2297022,,4,MED,4,,0
2297061,,1,MED,1,,0
2297076,,2,MED,2,,0
2297083,,2,MED,2,,0
2297089,,1,MED,1,,0
2297111,,2,MED,2,,0
2297123,,1,MED,1,,0
2297142,,2,MED,2,,0
2297160,,1,MED,1,,0
2297179,,2,MED,2,,0
2297213,,1,MED,1,,0
2297225,,2,MED,2,,0
2298778,,1,MED,1,,0
2298800,,4,MED,4,,0
2298823,,3,MED,3,,0
2298848,,2,MED,2,,0
2298943,,2,MED,2,,0
2298982,,2,MED,2,,0
2299019,,2,MED,2,,0
2299045,,1,MED,1,,0
2301364,,1,MED,1,,0
2301376,,2,MED,2,,0
2301423,,4,MED,4,,0
2301449,,2,MED,2,,0
2301503,,3,MED,3,,0
2301521,,1,MED,1,,0
2301529,,1,MED,1,,0
2301532,,2,MED,2,,0
2301631,,2,MED,2,,0
2301770,,2,MED,2,,0
2301918,,3,MED,3,,0
2303825,,1,MED,1,,0
2303840,,2,MED,2,,0
2303859,,2,MED,2,,0
2303892,,2,MED,2,,0
2303893,,3,MED,3,,0
2303928,,2,MED,2,,0
2303939,,1,MED,1,,0
2303957,,3,MED,3,,0
2303997,,3,MED,3,,0
2304020,,2,MED,2,,0
2304027,,2,MED,2,,0
2304092,,2,MED,2,,0
2304094,,2,MED,2,,0
2305699,,1,MED,1,,0
2305720,,2,MED,2,,0
2305725,,4,MED,4,,0
2305768,,3,MED,3,,0
2305770,,1,MED,1,,0
2305792,,2,MED,2,,0
2305798,,3,MED,3,,0
2305853,,1,MED,1,,0
2305858,,2,MED,2,,0
2305866,,2,MED,2,,0
2305874,,1,MED,1,,0
2305876,,1,MED,1,,0
2305891,,2,MED,2,,0
2305908,,2,MED,2,,0
2305962,,1,MED,1,,0
2305963,,2,MED,2,,0
2305967,,2,MED,2,,0
2305974,,1,MED,1,,0
2305984,,2,MED,2,,0
2306005,,1,MED,1,,0
2307576,,2,MED,2,,0
2307578,,1,MED,1,,0
2307593,,1,MED,1,,0
2307600,,2,MED,2,,0
2307623,,4,MED,4,,0
2307652,,3,MED,3,,0
2307699,,1,MED,1,,0
2307709,,2,MED,2,,0
2307855,,1,MED,1,,0
2309509,,2,MED,2,,0
2309518,,2,MED,2,,0
2309527,,1,MED,1,,0
2309539,,2,MED,2,,0
2309554,,3,MED,3,,0
2309555,,1,MED,1,,0
2309582,,1,MED,1,,0
2309620,,4,MED,4,,0
2309621,,2,MED,2,,0
2309624,,2,MED,2,,0
2309644,,1,MED,1,,0
2309651,,4,MED,4,,0
2309673,,1,MED,1,,0
2309677,,1,MED,1,,0
2309678,,2,MED,2,,0
2309693,,1,MED,1,,0
2309713,,1,MED,1,,0
2309728,,1,MED,1,,0
2309735,,3,MED,3,,0
2309835,,1,MED,1,,0
2309851,,2,MED,2,,0
2311780,,4,MED,4,,0
2311786,,2,MED,2,,0
2311789,,2,MED,2,,0
2311794,,1,MED,1,,0
2311808,,2,MED,2,,0
2311844,,2,MED,2,,0
2311862,,1,MED,1,,0
2311908,,2,MED,2,,0
2311913,,1,MED,1,,0
2311938,,1,MED,1,,0
2311940,,3,MED,3,,0
2312019,,1,MED,1,,0
2312022,,2,MED,2,,0
2312076,,1,MED,1,,0
2312141,,1,MED,1,,0
2312161,,3,MED,3,,0
2314319,,3,MED,3,,0
2314323,,3,MED,3,,0
2314339,,2,MED,2,,0
2314362,,2,MED,2,,0
2314367,,1,MED,1,,0
2314372,,2,MED,2,,0
2314374,,4,MED,4,,0
2314381,,2,MED,2,,0
2314383,,1,MED,1,,0
2314404,,1,MED,1,,0
2314408,,2,MED,2,,0
2314411,,2,MED,2,,0
2314418,,1,MED,1,,0
2314425,,4,MED,4,,0
2314426,,3,MED,3,,0
2314442,,1,MED,1,,0
2314478,,4,MED,4,,0
2314491,,3,MED,3,,0
2314553,,1,MED,1,,0
2314585,,2,MED,2,,0
2314645,,2,MED,2,,0
2314675,,2,MED,2,,0
2316926,,2,MED,2,,0
2316935,,1,MED,1,,0
2316951,,1,MED,1,,0
2317050,,4,MED,4,,0
2317056,,2,MED,2,,0
2317097,,4,MED,4,,0
2317113,,1,MED,1,,0
2317118,,1,MED,1,,0
2317131,,2,MED,2,,0
2317166,,1,MED,1,,0
2317205,,1,MED,1,,0
2317237,,1,MED,1,,0
2317245,,1,MED,1,,0
2317248,,1,MED,1,,0
2317249,,2,MED,2,,0
2319029,,1,MED,1,,0
2319040,,2,MED,2,,0
2319048,,2,MED,2,,0
2319054,,2,MED,2,,0
2319081,,2,MED,2,,0
2319103,,4,MED,4,,0
2319113,,4,MED,4,,0
2319122,,2,MED,2,,0
2319131,,3,MED,3,,0
2319160,,3,MED,3,,0
2319165,,2,MED,2,,0
2319167,,2,MED,2,,0
2319202,,1,MED,1,,0
2319211,,1,MED,1,,0
2319244,,2,MED,2,,0
2321363,,2,MED,2,,0
2321365,,2,MED,2,,0
2321369,,1,MED,1,,0
2321370,,2,MED,2,,0
2321371,,4,MED,4,,0
2321372,,2,MED,2,,0
2321376,,3,MED,3,,0
2321378,,1,MED,1,,0
2321381,,4,MED,4,,0
2321397,,2,MED,2,,0
2321414,,2,MED,2,,0
2321419,,2,MED,2,,0
2321425,,2,MED,2,,0
2321428,,1,MED,1,,0
2321436,,4,MED,4,,0
2321444,,1,MED,1,,0
2321450,,1,MED,1,,0
2321451,,1,MED,1,,0
2321455,,2,MED,2,,0
2321465,,1,MED,1,,0
2321476,,2,MED,2,,0
2321527,,3,MED,3,,0
2321529,,2,MED,2,,0
2321531,,2,MED,2,,0
2321544,,1,MED,1,,0
2321614,,3,MED,3,,0
2321628,,1,MED,1,,0
2321668,,2,MED,2,,0
2323759,,2,MED,2,,0
2323797,,2,MED,2,,0
2323834,,2,MED,2,,0
2323864,,2,MED,2,,0
2323879,,2,MED,2,,0
2323922,,2,MED,2,,0
2323933,,4,MED,4,,0
2323946,,1,MED,1,,0
2323966,,2,MED,2,,0
2323992,,1,MED,1,,0
2324036,,2,MED,2,,0
2324041,,1,MED,1,,0
2324138,,2,MED,2,,0
2324140,,3,MED,3,,0
2324180,,2,MED,2,,0
2324185,,2,MED,2,,0
2324285,,1,MED,1,,0
2324294,,2,MED,2,,0
2324296,,2,MED,2,,0
2324301,,2,MED,2,,0
2326302,,2,MED,2,,0
2326313,,2,MED,2,,0
2326321,,2,MED,2,,0
2326323,,4,MED,4,,0
2326324,,2,MED,2,,0
2326328,,2,MED,2,,0
2326329,,4,MED,4,,0
2326342,,2,MED,2,,0
2326343,,2,MED,2,,0
2326349,,2,MED,2,,0
2326370,,1,MED,1,,0
2326374,,2,MED,2,,0
2326400,,2,MED,2,,0
2326409,,3,MED,3,,0
2326417,,4,MED,4,,0
2326443,,2,MED,2,,0
2326460,,2,MED,2,,0
2326479,,2,MED,2,,0
2326524,,1,MED,1,,0
2326529,,1,MED,1,,0
2326537,,1,MED,1,,0
2326547,,1,MED,1,,0
2326554,,2,MED,2,,0
2326562,,2,MED,2,,0
2326569,,3,MED,3,,0
2326571,,1,MED,1,,0
2326594,,1,MED,1,,0
2329211,,2,MED,2,,0
2329212,,2,MED,2,,0
2329219,,2,MED,2,,0
2329223,,1,MED,1,,0
2329233,,2,MED,2,,0
2329236,,1,MED,1,,0
2329254,,4,MED,4,,0
2329257,,2,MED,2,,0
2329261,,2,MED,2,,0
2329277,,1,MED,1,,0
2329290,,1,MED,1,,0
2329292,,4,MED,4,,0
2329303,,2,MED,2,,0
2329312,,1,MED,1,,0
2329314,,1,MED,1,,0
2329331,,1,MED,1,,0
2329334,,3,MED,3,,0
2329342,,2,MED,2,,0
2329345,,1,MED,1,,0
2329360,,4,MED,4,,0
2329378,,3,MED,3,,0
2329379,,2,MED,2,,0
2329401,,2,MED,2,,0
2329404,,3,MED,3,,0
2329415,,1,MED,1,,0
2329428,,2,MED,2,,0
2329429,,3,MED,3,,0
2329436,,1,MED,1,,0
2329440,,3,MED,3,,0
2329459,,3,MED,3,,0
2329475,,2,MED,2,,0
2329498,,2,MED,2,,0
2329533,,2,MED,2,,0
2331358,,1,MED,1,,0
2331360,,3,MED,3,,0
2331363,,2,MED,2,,0
2331380,,3,MED,3,,0
2331392,,4,MED,4,,0
2331399,,1,MED,1,,0
2331416,,1,MED,1,,0
2331439,,4,MED,4,,0
2331441,,1,MED,1,,0
2331464,,3,MED,3,,0
2331469,,4,MED,4,,0
2331475,,2,MED,2,,0
2331482,,2,MED,2,,0
2331485,,4,MED,4,,0
2331494,,1,MED,1,,0
2331507,,1,MED,1,,0
2331531,,3,MED,3,,0
2331536,,1,MED,1,,0
2331537,,2,MED,2,,0
2331558,,4,MED,4,,0
2331589,,2,MED,2,,0
2331590,,2,MED,2,,0
2331611,,3,MED,3,,0
2331618,,4,MED,4,,0
2331628,,3,MED,3,,0
2331629,,2,MED,2,,0
2332950,,2,MED,2,,0
2332952,,1,MED,1,,0
2333017,,4,MED,4,,0
2333046,,1,MED,1,,0
2333131,,1,MED,1,,0
2333140,,2,MED,2,,0
2333149,,1,MED,1,,0
2333152,,1,MED,1,,0
2333175,,4,MED,4,,0
2333207,,3,MED,3,,0
2333218,,1,MED,1,,0
2333232,,2,MED,2,,0
2333235,,1,MED,1,,0
2333241,,1,MED,1,,0
2333254,,2,MED,2,,0
2333276,,2,MED,2,,0
2333279,,1,MED,1,,0
2333365,,1,MED,1,,0
2333400,,3,MED,3,,0
2333401,,2,MED,2,,0
2333412,,2,MED,2,,0
2333437,,1,MED,1,,0
2333457,,1,MED,1,,0
2333466,,2,MED,2,,0
2333469,,4,MED,4,,0
2333476,,2,MED,2,,0
2335737,,1,MED,1,,0
2335742,,1,MED,1,,0
2335743,,1,MED,1,,0
2335744,,2,MED,2,,0
2335747,,2,MED,2,,0
2335757,,1,MED,1,,0
2335759,,3,MED,3,,0
2335767,,1,MED,1,,0
2335772,,2,MED,2,,0
2335775,,3,MED,3,,0
2335782,,1,MED,1,,0
2335784,,1,MED,1,,0
2335794,,1,MED,1,,0
2335812,,1,MED,1,,0
2335814,,4,MED,4,,0
2335824,,3,MED,3,,0
2335829,,3,MED,3,,0
2335852,,2,MED,2,,0
2335870,,2,MED,2,,0
2335879,,3,MED,3,,0
2335915,,1,MED,1,,0
2335918,,1,MED,1,,0
2335937,,1,MED,1,,0
2335949,,2,MED,2,,0
2335969,,4,MED,4,,0
2335981,,4,MED,4,,0
2336012,,2,MED,2,,0
2338138,,2,MED,2,,0
2338149,,3,MED,3,,0
2338180,,3,MED,3,,0
2338193,,2,MED,2,,0
2338196,,1,MED,1,,0
2338211,,2,MED,2,,0
2338212,,1,MED,1,,0
2338222,,1,MED,1,,0
2338226,,1,MED,1,,0
2338232,,1,MED,1,,0
2338239,,2,MED,2,,0
2338241,,4,MED,4,,0
2338260,,4,MED,4,,0
2338281,,3,MED,3,,0
2338295,,1,MED,1,,0
2338302,,1,MED,1,,0
2338317,,1,MED,1,,0
2338322,,2,MED,2,,0
2338351,,3,MED,3,,0
2338354,,2,MED,2,,0
2338373,,4,MED,4,,0
2338380,,4,MED,4,,0
2339088,,3,MED,3,,0
2339173,,1,MED,1,,0
2339239,,2,MED,2,,0
2339276,,3,MED,3,,0
2339341,,1,MED,1,,0
2339376,,1,MED,1,,0
2339453,,2,MED,2,,0
2339529,,1,MED,1,,0
2339646,,2,MED,2,,0
2339707,,2,MED,2,,0
2339918,,2,MED,2,,0
2340023,,3,MED,3,,0
2340061,,2,MED,2,,0
2340122,,1,MED,1,,0
2340147,,2,MED,2,,0
2340226,,2,MED,2,,0
2340450,,1,MED,1,,0
2340506,,3,MED,3,,0
2340791,,2,MED,2,,0
2340831,,4,MED,4,,0
2340957,,3,MED,3,,0
2341139,,2,MED,2,,0
2341152,,2,MED,2,,0
2341776,,4,MED,4,,0
2341839,,1,MED,1,,0
2341917,,2,MED,2,,0
2341931,,2,MED,2,,0
2341953,,1,MED,1,,0
2342053,,1,MED,1,,0
2342125,,2,MED,2,,0
2342246,,1,MED,1,,0
2342261,,1,MED,1,,0
2342285,,3,MED,3,,0
2342299,,1,MED,1,,0
2342350,,1,MED,1,,0
2342500,,1,MED,1,,0
2342504,,4,MED,4,,0
2342582,,1,MED,1,,0
2342621,,1,MED,1,,0
2342649,,4,MED,4,,0
2342662,,1,MED,1,,0
2342673,,1,MED,1,,0
2342729,,1,MED,1,,0
2342924,,1,MED,1,,0
2343210,,2,MED,2,,0
2343501,,2,MED,2,,0
2343899,,1,MED,1,,0
2344358,,1,MED,1,,0
2344449,,1,MED,1,,0
2344476,,2,MED,2,,0
2344679,,2,MED,2,,0
2344876,,2,MED,2,,0
2345017,,1,MED,1,,0
2345105,,3,MED,3,,0
2345235,,3,MED,3,,0
2345289,,2,MED,2,,0
2345300,,2,MED,2,,0
2345313,,1,MED,1,,0
2345365,,2,MED,2,,0
2345505,,3,MED,3,,0
2345604,,3,MED,3,,0
2345641,,2,MED,2,,0
2345728,,1,MED,1,,0
2345911,,1,MED,1,,0
2346102,,1,MED,1,,0
2346148,,2,MED,2,,0
2346208,,4,MED,4,,0
2346271,,2,MED,2,,0
2346363,,1,MED,1,,0
2346388,,1,MED,1,,0
2346392,,2,MED,2,,0
2346529,,1,MED,1,,0
2346594,,4,MED,4,,0
2346676,,3,MED,3,,0
2346740,,4,MED,4,,0
2346746,,1,MED,1,,0
2346886,,1,MED,1,,0
2347183,,2,MED,2,,0
2347216,,1,MED,1,,0
2347365,,2,MED,2,,0
2347444,,1,MED,1,,0
2347598,,3,MED,3,,0
2347784,,1,MED,1,,0
2347795,,2,MED,2,,0
2347798,,1,MED,1,,0
2347810,,2,MED,2,,0
2347821,,3,MED,3,,0
2347845,,2,MED,2,,0
2347943,,1,MED,1,,0
2348059,,2,MED,2,,0
2348071,,1,MED,1,,0
2348109,,3,MED,3,,0
2348238,,3,MED,3,,0
2348463,,2,MED,2,,0
2348502,,1,MED,1,,0
2348591,,1,MED,1,,0
2348609,,1,MED,1,,0
2348747,,1,MED,1,,0
2348827,,2,MED,2,,0
2348856,,3,MED,3,,0
2348906,,3,MED,3,,0
2348988,,2,MED,2,,0
2349054,,2,MED,2,,0
2349127,,3,MED,3,,0
2349172,,1,MED,1,,0
2349173,,1,MED,1,,0
2349217,,2,MED,2,,0
2349304,,4,MED,4,,0
2349434,,3,MED,3,,0
2349460,,1,MED,1,,0
2349626,,3,MED,3,,0
2349840,,4,MED,4,,0
2349843,,3,MED,3,,0
2349978,,3,MED,3,,0
2350013,,1,MED,1,,0
2350105,,3,MED,3,,0
2350196,,1,MED,1,,0
2350230,,3,MED,3,,0
2350367,,4,MED,4,,0
2350394,,1,MED,1,,0
2350419,,1,MED,1,,0
2350497,,1,MED,1,,0
2350890,,2,MED,2,,0
2351138,,4,MED,4,,0
2351150,,4,MED,4,,0
2351707,,1,MED,1,,0
2351785,,4,MED,4,,0
2351843,,2,MED,2,,0
2351950,,3,MED,3,,0
2352106,,1,MED,1,,0
2352199,,1,MED,1,,0
2352255,,1,MED,1,,0
2352268,,1,MED,1,,0
2352319,,1,MED,1,,0
2352383,,4,MED,4,,0
2352622,,2,MED,2,,0
2352661,,4,MED,4,,0
2352773,,2,MED,2,,0
2352917,,1,MED,1,,0
2352963,,3,MED,3,,0
2353205,,1,MED,1,,0
2353218,,1,MED,1,,0
2353270,,1,MED,1,,0
2353335,,1,MED,1,,0
2353808,,1,MED,1,,0
2354020,,2,MED,2,,0
2354029,,3,MED,3,,0
2354175,,3,MED,3,4,1
2354547,,1,MED,1,,0
2354689,,1,MED,1,,0
2354862,,2,MED,2,,0
2354926,,1,MED,1,,0
2354997,,1,MED,1,,0
2355017,,1,MED,1,,0
2355040,,2,MED,2,,0
2355185,,3,MED,3,,0
2355312,,2,MED,2,,0
2355340,,4,MED,4,4,1
2355358,,4,MED,4,,0
2355529,,1,MED,1,4,1
2356163,,1,MED,1,,0
2356232,,1,MED,1,,0
2356398,,1,MED,1,,0
2356453,,1,MED,1,1,1
2356681,,3,MED,3,,0
2356716,,3,MED,3,,0
2553789,,1,MED,1,,0
2554495,,4,MED,4,,0
2555751,,2,MED,2,,0
2556039,,2,MED,2,,0
2560123,,2,MED,2,,0
2560285,,2,MED,2,,0
3637638,,2,MED,2,,0
3637766,,2,MED,2,,0
3637923,,4,MED,4,,0
3638047,,1,MED,1,,0
3638297,,1,MED,1,,0
3638623,,2,MED,2,,0
3638695,,1,MED,1,,0
3638854,,4,MED,4,,0
3638883,,1,MED,1,,0
3639850,,1,MED,1,,0
3641467,,3,MED,3,,0
3675328,,1,MED,1,,0
3675879,,1,MED,1,,0
3677428,,1,MED,1,,0
3677696,,3,MED,3,,0
3679115,,1,MED,1,,0
3680396,,2,MED,2,4,1
3680506,,2,MED,2,,0
3680538,,3,MED,3,,0
3680765,,1,MED,1,,0
3690852,,3,MED,3,4,1
3693521,,1,MED,1,4,1
3695257,,1,MED,1,,0
3735166,,1,MED,1,,0
3735544,,2,MED,2,4,1
3735902,,2,MED,2,,0
3735991,,1,MED,1,4,1
3737024,,1,MED,1,,0
3737216,,4,MED,4,4,1
3737843,,2,MED,2,,0
3738147,,3,MED,3,,0
3739141,,3,MED,3,,0
3740579,,4,MED,4,4,1
3741163,,3,MED,3,4,1
3741988,,1,MED,1,,0
3742298,,2,MED,2,,0
3745658,,2,MED,2,,0
3745949,,1,MED,1,,0
3745983,,4,MED,4,4,1
3747713,,1,MED,1,,0
3748526,,2,MED,2,,0
3750010,,3,MED,3,4,1
3750201,,1,MED,1,4,1
3750644,,1,MED,1,,0
3750986,,3,MED,3,,0
3751753,,1,MED,1,,0
3751809,,3,MED,3,,0
3751897,,1,MED,1,,0
3752104,,3,MED,3,2,2
3752208,,1,MED,1,,0
3752226,,4,MED,4,,0
3752422,,4,MED,4,,0
3752652,,1,MED,1,,0
3752675,,4,MED,4,,0
3752833,,3,MED,3,4,1
3753198,,2,MED,2,,0
3753219,,1,MED,1,,0
3753651,,1,MED,1,,0
3753845,,2,MED,2,4,1
3754477,,4,MED,4,,0
3754621,,2,MED,2,4,1
3754679,,1,MED,1,,0
3754822,,2,MED,2,,0
3754876,,1,MED,1,,0
3755985,,2,MED,2,,0
3756150,,1,MED,1,,0
3756410,,4,MED,4,2,2
3756483,,2,MED,2,4,1
3756859,,4,MED,4,2,2
3780061,,3,MED,3,4,1
3780280,,1,MED,1,4,1
3781048,,3,MED,3,,0
3781116,,3,MED,3,4,1
3999498,,4,MED,4,,0
4000195,,1,MED,1,,0
4000308,,2,MED,2,,0
4000418,,2,MED,2,,0
4000772,,1,MED,1,,0
4003741,,4,MED,4,,0
4003946,,1,MED,1,,0
4004269,,4,MED,4,,0
4004628,,1,MED,1,,0
4130237,,1,MED,1,,0
4130814,,1,MED,1,1,2
4131390,,2,MED,2,,0
4131616,,2,MED,2,,0
4131994,,2,MED,2,,0
4132167,,2,MED,2,,0
4132545,,3,MED,3,3,1
4132684,,2,MED,2,,0
4133618,,2,MED,2,,0
4133705,,4,MED,4,,0
4134468,,1,MED,1,2,1
4134722,,1,MED,1,,0
4135328,,2,MED,2,,0
4223365,,1,MED,1,,0
4223539,,2,MED,2,,0
4224184,,2,MED,2,,0
4224690,,1,MED,1,,0
4224708,,1,MED,1,,0
4224819,,2,MED,2,,0
4225117,,1,MED,1,2,2
4225280,,1,MED,1,,0
4225643,,2,MED,2,,0
4225676,,4,MED,4,2,2
4225838,,1,MED,1,2,2
4225891,,1,MED,1,1,1
4226044,,1,MED,1,,0
4226811,,1,MED,1,,0
4226855,,1,MED,1,1,1
4226920,,4,MED,4,,0
4227028,,4,MED,4,,0
4227469,,1,MED,1,,0
4227889,,1,MED,1,,0
4227993,,1,MED,1,1,1
4290136,,1,MED,1,1,1
4291462,,2,MED,2,,0
4291789,,1,MED,1,,0
4292004,,1,MED,1,2,2
4292997,,1,MED,1,,0
4293368,,1,MED,1,,0
4293456,,2,MED,2,,0
4293487,,3,MED,3,,0
4294699,,1,MED,1,,0
4294983,,3,MED,3,,0
4295237,,1,MED,1,,0
4296356,,2,MED,2,,0
4296737,,4,MED,4,,0
4297424,,2,MED,2,,0
4297581,,2,MED,2,,0
4297723,,1,MED,1,,0
4316368,,2,MED,2,,0
4316391,,4,MED,4,,0
4317137,,1,MED,1,,0
4317962,,2,MED,2,,0
4318211,,4,MED,4,,0
4318276,,1,MED,1,,0
4318726,,2,MED,2,,0
4319224,,1,MED,1,,0
4319262,,1,MED,1,2,1
4319548,,1,MED,1,,0
4319677,,1,MED,1,,0
4320549,,1,MED,1,,0
4320614,,1,MED,1,,0
4320900,,2,MED,2,,0
4321633,,4,MED,4,,0
4321812,,3,MED,3,2,1
4322627,,3,MED,3,2,1
4369909,,2,MED,2,,0
4370397,,2,MED,2,,0
4370499,,1,MED,1,,0
4370733,,2,MED,2,,0
4370870,,2,MED,2,,0
4370924,,1,MED,1,,0
4371024,,2,MED,2,,0
4371095,,1,MED,1,,0
4371108,,1,MED,1,,0
4371136,,2,MED,2,,0
4371166,,2,MED,2,,0
4371193,,3,MED,3,,0
4371293,,3,MED,3,,0
4371394,,1,MED,1,,0
4371492,,2,MED,2,,0
4371506,,1,MED,1,,0
4371551,,1,MED,1,,0
4371560,,1,MED,1,,0
4371730,,1,MED,1,,0
4371788,,1,MED,1,,0
4371866,,4,MED,4,,0
4371984,,2,MED,2,,0
4372149,,1,MED,1,,0
4372163,,1,MED,1,,0
4372193,,2,MED,2,,0
4372436,,2,MED,2,,0
4372470,,2,MED,2,,0
4372695,,2,MED,2,,0
4372721,,4,MED,4,,0
4372824,,3,MED,3,,0
4372853,,2,MED,2,,0
4372894,,2,MED,2,,0
4372955,,3,MED,3,,0
4373121,,1,MED,1,,0
4373128,,3,MED,3,,0
4373150,,2,MED,2,,0
4373441,,4,MED,4,,0
4373584,,2,MED,2,,0
4373617,,2,MED,2,,0
4373731,,3,MED,3,,0
4373840,,1,MED,1,,0
4373913,,2,MED,2,,0
4373948,,1,MED,1,,0
4373956,,1,MED,1,,0
4374078,,2,MED,2,,0
4374199,,3,MED,3,,0
4374292,,2,MED,2,,0
4374368,,1,MED,1,,0
4374399,,4,MED,4,,0
4374408,,2,MED,2,,0
4374413,,2,MED,2,,0
4374502,,1,MED,1,,0
4374639,,1,MED,1,,0
4374681,,1,MED,1,,0
4374754,,1,MED,1,,0
4374784,,4,MED,4,,0
4374948,,2,MED,2,,0
4374989,,4,MED,4,,0
4375019,,1,MED,1,,0
4375045,,2,MED,2,,0
4375176,,3,MED,3,,0
4375523,,1,MED,1,,0
4375753,,2,MED,2,,0
4375853,,1,MED,1,,0
4375916,,1,MED,1,,0
4375960,,4,MED,4,,0
4375974,,1,MED,1,,0
4376052,,1,MED,1,,0
4376062,,1,MED,1,,0
4376130,,3,MED,3,,0
4376311,,2,MED,2,,0
4376462,,1,MED,1,,0
4376488,,1,MED,1,,0
4376614,,2,MED,2,,0
4376676,,1,MED,1,,0
4376790,,2,MED,2,,0
4376822,,4,MED,4,,0
4376837,,2,MED,2,,0
4376868,,4,MED,4,,0
4377052,,4,MED,4,,0
4377370,,4,MED,4,,0
4377382,,2,MED,2,,0
4377463,,4,MED,4,,0
4377839,,3,MED,3,,0
4377971,,2,MED,2,,0
4378212,,2,MED,2,,0
4378368,,2,MED,2,,0
4378446,,1,MED,1,,0
4378596,,1,MED,1,,0
4378628,,3,MED,3,,0
4378719,,4,MED,4,,0
4378731,,2,MED,2,,0
4378759,,4,MED,4,,0
4378842,,4,MED,4,,0
4378902,,1,MED,1,,0
4379114,,2,MED,2,,0
4379146,,3,MED,3,,0
4379180,,1,MED,1,,0
4379207,,2,MED,2,,0
4379647,,3,MED,3,,0
4379776,,4,MED,4,,0
4379880,,2,MED,2,,0
4379936,,1,MED,1,,0
4379967,,4,MED,4,,0
4380037,,1,MED,1,,0
4380070,,2,MED,2,,0
4380225,,3,MED,3,,0
4380228,,2,MED,2,,0
4380285,,3,MED,3,,0
4380313,,2,MED,2,,0
4380350,,4,MED,4,,0
4380486,,1,MED,1,,0
4380498,,3,MED,3,,0
4380576,,2,MED,2,,0
4380623,,2,MED,2,,0
4380701,,3,MED,3,,0
4380705,,1,MED,1,,0
4380766,,2,MED,2,,0
4380870,,3,MED,3,,0
4380889,,1,MED,1,,0
4380920,,1,MED,1,,0
4381145,,2,MED,2,,0
4381201,,1,MED,1,,0
4381232,,1,MED,1,,0
4381291,,2,MED,2,,0
4381341,,1,MED,1,,0
4381376,,3,MED,3,,0
4381428,,1,MED,1,,0
4381446,,1,MED,1,,0
4381501,,3,MED,3,,0
4381566,,2,MED,2,,0
4381599,,2,MED,2,,0
4381640,,1,MED,1,,0
4381665,,4,MED,4,,0
4381766,,3,MED,3,,0
4381824,,2,MED,2,,0
4381870,,4,MED,4,,0
4381873,,2,MED,2,,0
4381951,,4,MED,4,,0
4381959,,2,MED,2,,0
4381995,,3,MED,3,,0
4382155,,2,MED,2,,0
4382311,,3,MED,3,,0
4382455,,2,MED,2,,0
4382579,,1,MED,1,,0
4382584,,2,MED,2,,0
4382692,,2,MED,2,,0
4382706,,2,MED,2,,0
4382743,,3,MED,3,,0
4382853,,2,MED,2,,0
4382968,,1,MED,1,,0
4383130,,1,MED,1,,0
4383293,,1,MED,1,,0
4383339,,4,MED,4,,0
4383353,,3,MED,3,,0
4383459,,1,MED,1,,0
4383468,,1,MED,1,,0
4383490,,3,MED,3,,0
4383505,,1,MED,1,,0
4383656,,2,MED,2,,0
4383710,,2,MED,2,,0
4383861,,1,MED,1,,0
4383877,,1,MED,1,,0
4383907,,1,MED,1,,0
4383917,,2,MED,2,,0
4384129,,1,MED,1,,0
4384146,,2,MED,2,,0
4384153,,2,MED,2,,0
4384158,,1,MED,1,,0
4384273,,2,MED,2,,0
4384289,,2,MED,2,,0
4384333,,2,MED,2,,0
4384339,,3,MED,3,,0
4384402,,1,MED,1,,0
4384446,,3,MED,3,,0
4384453,,3,MED,3,,0
4384530,,1,MED,1,,0
4384883,,1,MED,1,,0
4385065,,1,MED,1,,0
4385188,,1,MED,1,,0
4385219,,4,MED,4,,0
4385235,,1,MED,1,,0
4385279,,1,MED,1,,0
4385332,,1,MED,1,,0
4385337,,4,MED,4,,0
4385366,,3,MED,3,,0
4385407,,2,MED,2,,0
4385521,,1,MED,1,,0
4385523,,3,MED,3,,0
4385537,,1,MED,1,,0
4385695,,2,MED,2,,0
4385735,,2,MED,2,,0
4385974,,1,MED,1,,0
4386005,,4,MED,4,,0
4386008,,2,MED,2,,0
4386131,,1,MED,1,,0
4386199,,2,MED,2,,0
4386345,,4,MED,4,,0
4386474,,1,MED,1,,0
4386532,,2,MED,2,,0
4386535,,1,MED,1,,0
4386599,,1,MED,1,,0
4386644,,3,MED,3,,0
4386678,,2,MED,2,,0
4386689,,1,MED,1,,0
4386798,,1,MED,1,,0
4386922,,1,MED,1,,0
4387012,,1,MED,1,,0
4387016,,2,MED,2,,0
4387384,,3,MED,3,,0
4387457,,2,MED,2,,0
4387502,,4,MED,4,,0
4387593,,4,MED,4,,0
4387619,,2,MED,2,,0
4387732,,3,MED,3,,0
4387739,,3,MED,3,,0
4387774,,2,MED,2,,0
4387812,,1,MED,1,,0
4387815,,2,MED,2,,0
4387936,,1,MED,1,,0
4387951,,4,MED,4,,0
4388004,,3,MED,3,,0
4388042,,2,MED,2,,0
4388050,,2,MED,2,,0
4388106,,3,MED,3,,0
4388226,,4,MED,4,,0
4388230,,2,MED,2,,0
4388312,,3,MED,3,,0
4388431,,1,MED,1,,0
4388488,,3,MED,3,,0
4388553,,2,MED,2,,0
4388689,,1,MED,1,,0
4388837,,3,MED,3,,0
4388911,,4,MED,4,,0
4388960,,2,MED,2,,0
4388974,,2,MED,2,,0
4389140,,4,MED,4,,0
4389216,,2,MED,2,,0
4389247,,4,MED,4,,0
4389281,,1,MED,1,,0
4389296,,4,MED,4,,0
4389373,,4,MED,4,,0
4389447,,1,MED,1,,0
4389504,,1,MED,1,,0
4389556,,1,MED,1,,0
4389566,,2,MED,2,,0
4389626,,3,MED,3,,0
4389638,,2,MED,2,,0
4389759,,1,MED,1,,0
4389792,,3,MED,3,,0
4389824,,2,MED,2,,0
4389839,,1,MED,1,,0
4389895,,1,MED,1,,0
4389900,,2,MED,2,,0
4389909,,3,MED,3,,0
4389915,,4,MED,4,,0
4389953,,1,MED,1,,0
4390241,,1,MED,1,,0
4390332,,3,MED,3,,0
4390483,,2,MED,2,,0
4390500,,2,MED,2,,0
4390517,,3,MED,3,,0
4390546,,2,MED,2,,0
4390645,,3,MED,3,,0
4390647,,1,MED,1,,0
4390705,,2,MED,2,,0
4390713,,2,MED,2,,0
4390730,,2,MED,2,,0
4390742,,2,MED,2,,0
4390882,,4,MED,4,,0
4391021,,1,MED,1,,0
4391081,,3,MED,3,,0
4391169,,1,MED,1,,0
4391174,,4,MED,4,,0
4391243,,2,MED,2,,0
4391283,,1,MED,1,,0
4391288,,2,MED,2,,0
4391305,,1,MED,1,,0
4391317,,2,MED,2,,0
4391422,,1,MED,1,,0
4391573,,2,MED,2,,0
4391683,,2,MED,2,,0
4391700,,2,MED,2,,0
4391794,,2,MED,2,,0
4391802,,1,MED,1,,0
4391818,,3,MED,3,,0
4391823,,1,MED,1,,0
4391878,,2,MED,2,,0
4391929,,3,MED,3,,0
4391933,,3,MED,3,,0
4391963,,1,MED,1,,0
4392077,,2,MED,2,,0
4392154,,1,MED,1,,0
4392248,,1,MED,1,,0
4392250,,3,MED,3,,0
4392265,,3,MED,3,,0
4392354,,4,MED,4,,0
4392383,,1,MED,1,,0
4392566,,2,MED,2,,0
4392665,,2,MED,2,,0
4392735,,1,MED,1,,0
4392779,,1,MED,1,,0
4393292,,4,MED,4,,0
4393578,,1,MED,1,,0
4393787,,3,MED,3,,0
4393801,,1,MED,1,,0
4393961,,2,MED,2,,0
4394103,,1,MED,1,,0
4394177,,3,MED,3,,0
4394240,,3,MED,3,,0
4394475,,1,MED,1,,0
4394498,,2,MED,2,,0
4394574,,2,MED,2,,0
4394610,,1,MED,1,,0
4394696,,2,MED,2,,0
4394807,,1,MED,1,,0
4394877,,2,MED,2,,0
4394906,,2,MED,2,,0
4394958,,2,MED,2,,0
4395033,,2,MED,2,,0
4395042,,2,MED,2,,0
4395261,,4,MED,4,,0
4395350,,2,MED,2,,0
4395365,,3,MED,3,,0
4395382,,2,MED,2,,0
4395601,,4,MED,4,,0
4395620,,1,MED,1,,0
4395633,,1,MED,1,,0
4395674,,1,MED,1,,0
4395701,,3,MED,3,,0
4395718,,4,MED,4,,0
4395844,,3,MED,3,,0
4395904,,1,MED,1,,0
4396168,,1,MED,1,,0
4396177,,1,MED,1,,0
4396182,,2,MED,2,,0
4396223,,1,MED,1,,0
4396269,,2,MED,2,,0
4396539,,4,MED,4,,0
4396568,,3,MED,3,,0
4396581,,1,MED,1,,0
4396705,,1,MED,1,,0
4396734,,1,MED,1,,0
4396920,,2,MED,2,,0
4396934,,1,MED,1,,0
4396994,,2,MED,2,,0
4397007,,1,MED,1,,0
4397380,,4,MED,4,,0
4397486,,1,MED,1,,0
4397838,,3,MED,3,,0
4397864,,2,MED,2,,0
4397895,,2,MED,2,,0
4397990,,1,MED,1,,0
4398004,,2,MED,2,,0
4398092,,3,MED,3,,0
4398141,,4,MED,4,,0
4398155,,1,MED,1,,0
4398194,,2,MED,2,,0
4398258,,3,MED,3,,0
4398518,,2,MED,2,,0
4398610,,1,MED,1,,0
4398628,,3,MED,3,,0
4398637,,4,MED,4,,0
4398655,,1,MED,1,,0
4398711,,2,MED,2,,0
4398812,,1,MED,1,,0
4398892,,2,MED,2,,0
4398986,,2,MED,2,,0
4399153,,2,MED,2,,0
4399167,,2,MED,2,,0
4399383,,4,MED,4,,0
4399394,,4,MED,4,,0
4399492,,3,MED,3,,0
4399575,,1,MED,1,,0
4399616,,1,MED,1,,0
4399644,,2,MED,2,,0
4399780,,3,MED,3,,0
4399807,,2,MED,2,,0
4399861,,3,MED,3,,0
4400134,,1,MED,1,,0
4400146,,4,MED,4,,0
4400217,,3,MED,3,,0
4400230,,3,MED,3,,0
4400437,,3,MED,3,,0
4400462,,2,MED,2,,0
4400529,,2,MED,2,,0
4400586,,4,MED,4,,0
4400638,,4,MED,4,,0
4400644,,3,MED,3,,0
4400672,,1,MED,1,,0
4400692,,1,MED,1,,0
4400711,,2,MED,2,,0
4400828,,2,MED,2,,0
4400839,,1,MED,1,,0
4400867,,2,MED,2,,0
4400893,,1,MED,1,,0
4400990,,2,MED,2,,0
4401013,,1,MED,1,,0
4401045,,1,MED,1,,0
4401054,,1,MED,1,,0
4401059,,2,MED,2,,0
4401107,,1,MED,1,,0
4401165,,4,MED,4,,0
4401186,,4,MED,4,,0
4401195,,3,MED,3,,0
4401228,,2,MED,2,,0
4401325,,3,MED,3,,0
4401340,,2,MED,2,,0
4401357,,1,MED,1,,0
4401470,,4,MED,4,,0
4401548,,3,MED,3,,0
4401616,,1,MED,1,,0
4401750,,1,MED,1,,0
4401798,,4,MED,4,,0
4401853,,1,MED,1,,0
4401929,,2,MED,2,,0
4401940,,4,MED,4,,0
4401982,,3,MED,3,,0
4402042,,2,MED,2,,0
4402226,,2,MED,2,,0
4402740,,3,MED,3,,0
4402799,,1,MED,1,,0
4402906,,1,MED,1,,0
4402920,,2,MED,2,,0
4403023,,3,MED,3,,0
4403106,,1,MED,1,,0
4403112,,1,MED,1,,0
4403119,,3,MED,3,,0
4403136,,3,MED,3,,0
4403187,,3,MED,3,,0
4403278,,1,MED,1,,0
4403319,,4,MED,4,,0
4403342,,4,MED,4,,0
4403453,,1,MED,1,,0
4403474,,3,MED,3,,0
4403484,,2,MED,2,,0
4403524,,2,MED,2,,0
4403537,,1,MED,1,,0
4403581,,1,MED,1,,0
4403778,,3,MED,3,,0
4403803,,2,MED,2,,0
4403831,,2,MED,2,,0
4403899,,1,MED,1,,0
4404205,,1,MED,1,,0
4404231,,1,MED,1,,0
4404408,,3,MED,3,,0
4404443,,1,MED,1,,0
4404457,,1,MED,1,,0
4404469,,2,MED,2,,0
4404646,,2,MED,2,,0
4404751,,1,MED,1,,0
4404860,,2,MED,2,,0
4404986,,3,MED,3,,0
4405333,,2,MED,2,,0
4405467,,4,MED,4,,0
4405559,,2,MED,2,3,1
4405700,,4,MED,4,,0
4406725,,3,MED,3,,0
4406773,,1,MED,1,,0
4406867,,1,MED,1,,0
4406894,,1,MED,1,3,1
4407129,,2,MED,2,,0
4407169,,4,MED,4,,0
4407216,,1,MED,1,,0
4407268,,2,MED,2,,0
4407282,,3,MED,3,,0
4407391,,4,MED,4,,0
4407696,,1,MED,1,,0
4407725,,3,MED,3,,0
4407976,,2,MED,2,,0
4408432,,2,MED,2,,0
4408561,,2,MED,2,,0
4408694,,3,MED,3,,0
4408731,,1,MED,1,,0
4408980,,2,MED,2,,0
4409016,,1,MED,1,,0
4409193,,3,MED,3,,0
4410327,,1,MED,1,,0
4411141,,1,MED,1,,0
4411201,,2,MED,2,,0
4411303,,2,MED,2,,0
4411600,,1,MED,1,,0
4411694,,1,MED,1,,0
4411721,,1,MED,1,,0
4411809,,2,MED,2,,0
4411904,,1,MED,1,,0
4412086,,3,MED,3,,0
4412269,,3,MED,3,,0
4412359,,2,MED,2,,0
4413277,,4,MED,4,,0
4413502,,4,MED,4,,0
4413665,,2,MED,2,,0
4413778,,3,MED,3,,0
4413842,,3,MED,3,,0
4414126,,1,MED,1,,0
4415196,,1,MED,1,,0
4415468,,1,MED,1,,0
4415601,,2,MED,2,,0
4415657,,1,MED,1,,0
4415733,,1,MED,1,,0
4415798,,3,MED,3,,0
4415941,,1,MED,1,,0
4416529,,4,MED,4,,0
4416592,,2,MED,2,,0
4416674,,1,MED,1,,0
4416687,,1,MED,1,,0
4417165,,1,MED,1,,0
4417540,,1,MED,1,,0
4417776,,2,MED,2,,0
4418065,,2,MED,2,,0
4418286,,2,MED,2,,0
4418532,,4,MED,4,,0
4418934,,3,MED,3,,0
4418984,,2,MED,2,,0
4419332,,3,MED,3,,0
4419519,,1,MED,1,,0
4419650,,2,MED,2,,0
4419698,,2,MED,2,,0
4419726,,2,MED,2,,0
4419766,,1,MED,1,,0
4419897,,1,MED,1,,0
4420036,,4,MED,4,,0
4420141,,3,MED,3,,0
4420516,,4,MED,4,,0
4420731,,3,MED,3,,0
4420744,,3,MED,3,,0
4420797,,1,MED,1,,0
4420813,,1,MED,1,,0
4420835,,1,MED,1,,0
4420951,,4,MED,4,,0
4421206,,2,MED,2,,0
4421303,,1,MED,1,,0
4421317,,2,MED,2,,0
4421409,,3,MED,3,,0
4421427,,3,MED,3,,0
4421451,,1,MED,1,,0
4421572,,1,MED,1,,0
4421769,,3,MED,3,,0
4421888,,2,MED,2,,0
4421954,,2,MED,2,,0
4422046,,2,MED,2,,0
4422124,,2,MED,2,,0
4422294,,2,MED,2,,0
4422543,,2,MED,2,,0
4422556,,4,MED,4,,0
4422664,,4,MED,4,,0
4422742,,4,MED,4,,0
4422851,,1,MED,1,,0
4422865,,2,MED,2,,0
4423082,,2,MED,2,,0
4423101,,1,MED,1,,0
4423217,,1,MED,1,,0
4423259,,1,MED,1,,0
4423285,,1,MED,1,,0
4423348,,2,MED,2,,0
4423359,,3,MED,3,,0
4423402,,2,MED,2,,0
4423431,,4,MED,4,,0
4423516,,3,MED,3,,0
4423530,,3,MED,3,,0
4423545,,2,MED,2,,0
4423575,,1,MED,1,,0
4423606,,3,MED,3,,0
4423714,,1,MED,1,,0
4423744,,2,MED,2,,0
4423760,,3,MED,3,,0
4423800,,1,MED,1,,0
4423818,,2,MED,2,,0
4423832,,2,MED,2,,0
4423860,,2,MED,2,,0
4423874,,1,MED,1,,0
4424085,,2,MED,2,,0
4424584,,1,MED,1,,0
4425335,,3,MED,3,,0
4425536,,3,MED,3,,0
4425826,,2,MED,2,,0
4425921,,4,MED,4,,0
4425959,,1,MED,1,,0
4426080,,2,MED,2,,0
4426093,,1,MED,1,,0
4426159,,2,MED,2,,0
4426187,,2,MED,2,,0
4426201,,3,MED,3,,0
4426296,,2,MED,2,,0
4426332,,1,MED,1,,0
4426383,,4,MED,4,,0
4426410,,2,MED,2,,0
4426426,,1,MED,1,,0
4426597,,4,MED,4,,0
4426679,,3,MED,3,,0
4426706,,1,MED,1,,0
4426759,,3,MED,3,,0
4426866,,3,MED,3,,0
4427694,,1,MED,1,,0
4428186,,4,MED,4,,0
4428234,,4,MED,4,,0
4428247,,2,MED,2,,0
4428595,,3,MED,3,,0
4428663,,2,MED,2,,0
4428843,,3,MED,3,,0
4428868,,2,MED,2,,0
4428894,,2,MED,2,,0
4428932,,1,MED,1,,0
4428988,,3,MED,3,1,2
4429088,,2,MED,2,,0
4429251,,3,MED,3,,0
4429334,,2,MED,2,,0
4429531,,1,MED,1,,0
4429907,,3,MED,3,,0
4430583,,1,MED,1,,0
4430943,,3,MED,3,,0
4431256,,1,MED,1,,0
4431283,,2,MED,2,,0
4431414,,2,MED,2,,0
4431520,,4,MED,4,,0
4431590,,2,MED,2,,0
4431664,,2,MED,2,,0
4432223,,3,MED,3,,0
4432278,,4,MED,4,,0
4432794,,1,MED,1,,0
4432858,,1,MED,1,,0
4432889,,1,MED,1,,0
4433276,,2,MED,2,,0
4433455,,1,MED,1,3,1
4433553,,1,MED,1,,0
4433683,,3,MED,3,,0
4433827,,2,MED,2,,0
4433917,,2,MED,2,,0
4434006,,3,MED,3,,0
4434047,,2,MED,2,,0
4434616,,2,MED,2,,0
4434904,,3,MED,3,,0
4434998,,1,MED,1,,0
4435760,,1,MED,1,,0
4435979,,1,MED,1,,0
4436078,,2,MED,2,,0
4436150,,1,MED,1,,0
4436249,,1,MED,1,,0
4436467,,2,MED,2,,0
4436794,,2,MED,2,,0
4436808,,1,MED,1,4,1
4437111,,1,MED,1,,0
4437237,,1,MED,1,,0
4437364,,4,MED,4,3,2
4437438,,1,MED,1,,0
4437684,,3,MED,3,3,2
4437886,,2,MED,2,,0
4437990,,2,MED,2,,0
4438008,,2,MED,2,,0
4438121,,2,MED,2,,0
4438196,,3,MED,3,,0
4438390,,2,MED,2,,0
4438470,,1,MED,1,,0
4438540,,1,MED,1,,0
4438555,,4,MED,4,,0
4438570,,3,MED,3,,0
4438587,,2,MED,2,,0
4438740,,4,MED,4,4,1
4438964,,2,MED,2,,0
4439241,,1,MED,1,,0
4439393,,3,MED,3,3,2
4440009,,1,MED,1,,0
4440098,,3,MED,3,,0
4440273,,3,MED,3,,0
4440363,,2,MED,2,,0
4440611,,3,MED,3,3,2
4441123,,4,MED,4,3,2
5556537,,1,MED,1,,0
5562791,,3,MED,3,4,1
5564056,,4,MED,4,4,1
5564834,,3,MED,3,4,1
5567480,,4,MED,4,4,1
5688056,,3,MED,3,,0
5688561,,3,MED,3,4,1
5691340,,3,MED,3,,0
5692746,,3,MED,3,4,1
5695964,,2,MED,2,,0
5712928,,1,MED,1,,0
5713031,,4,MED,4,,0
5714551,,2,MED,2,,0
5714617,,4,MED,4,,0
5715237,,1,MED,1,,0
5715413,,1,MED,1,4,1
5716241,,3,MED,3,,0
5718512,,1,MED,1,,0
5718726,,1,MED,1,,0
5718766,,4,MED,4,4,1
6035539,,2,MED,2,,0
6778650,,3,MED,3,,0
6778962,,2,MED,2,,0
6779312,,1,MED,1,,0
6779899,,3,MED,3,,0
6783185,,1,MED,1,,0
6784269,,2,MED,2,2,1
6796390,,3,MED,3,,0
6796600,,1,MED,1,,0
6796711,,4,MED,4,,0
6796866,,1,MED,1,,0
6797003,,2,MED,2,,0
6797194,,2,MED,2,,0
6797421,,2,MED,2,,0
6797520,,1,MED,1,,0
6797690,,1,MED,1,,0
6797756,,2,MED,2,,0
6797871,,2,MED,2,,0
6797912,,1,MED,1,,0
6797943,,1,MED,1,,0
6798152,,1,MED,1,,0
6798253,,1,MED,1,,0
6798793,,2,MED,2,,0
6800890,,2,MED,2,,0
6800900,,2,MED,2,,0
6801546,,4,MED,4,,0
6801583,,1,MED,1,,0
6801623,,2,MED,2,,0
6801671,,1,MED,1,,0
6801742,,2,MED,2,,0
6802113,,1,MED,1,,0
6802182,,2,MED,2,,0
8593501,,1,MED,1,,0
8593659,,3,MED,3,,0
8593790,,2,MED,2,,0
8594005,,2,MED,2,,0
8594570,,1,MED,1,,0
8594673,,1,MED,1,,0
8594742,,2,MED,2,,0
8594988,,4,MED,4,,0
8595072,,4,MED,4,,0
8595256,,4,MED,4,,0
8596079,,2,MED,2,,0
8596719,,3,MED,3,4,1
8602751,,3,MED,3,,0
8604904,,4,MED,4,,0
8609265,,2,MED,2,3,2
8611082,,1,MED,1,,0
12280625,,1,MED,1,,0
12280694,,2,MED,2,,0
12280899,,3,MED,3,,0
12280910,,4,MED,4,,0
12281055,,4,MED,4,,0
12281072,,2,MED,2,,0
12281162,,1,MED,1,1,1
12281175,,3,MED,3,,0
12281278,,2,MED,2,,0
12281361,,1,MED,1,,0
12281433,,1,MED,1,,0
12281448,,2,MED,2,,0
12281465,,2,MED,2,,0
12281481,,1,MED,1,,0
12281496,,2,MED,2,,0
12286965,,4,MED,4,,0
12293777,,1,MED,1,,0
12293840,,1,MED,1,,0
12295564,,3,MED,3,,0
12296729,,1,MED,1,,0
12300152,,2,MED,2,,0
12302512,,1,MED,1,,0
12302565,,1,MED,1,,0
12302599,,1,MED,1,,0
12305414,,3,MED,3,,0
12306852,,4,MED,4,,0
12307480,,2,MED,2,,0
12309875,,3,MED,3,,0
12309892,,4,MED,4,,0
12309936,,1,MED,1,,0
12309938,,3,MED,3,,0
12309960,,1,MED,1,,0
12309993,,4,MED,4,,0
12310002,,1,MED,1,,0
12310003,,1,MED,1,,0
12310010,,3,MED,3,,0
12310023,,4,MED,4,,0
12310060,,4,MED,4,,0
12310118,,4,MED,4,,0
12310168,,1,MED,1,,0
12310202,,2,MED,2,,0
12310203,,2,MED,2,,0
12310210,,2,MED,2,,0
12310224,,3,MED,3,,0
12310229,,2,MED,2,,0
12310239,,2,MED,2,,0
12310247,,3,MED,3,,0
12310267,,1,MED,1,,0
12310271,,1,MED,1,,0
12310274,,1,MED,1,,0
12310310,,4,MED,4,,0
12310311,,4,MED,4,,0
12310341,,2,MED,2,,0
12310367,,2,MED,2,,0
12310370,,4,MED,4,,0
12310380,,1,MED,1,1,1
12310413,,2,MED,2,2,1
12310423,,3,MED,3,,0
12310426,,2,MED,2,,0
12310429,,1,MED,1,,0
12310430,,3,MED,3,,0
12310447,,2,MED,2,,0
12310465,,2,MED,2,,0
12310467,,1,MED,1,1,1
12310470,,3,MED,3,,0
12310490,,1,MED,1,1,2
12310494,,3,MED,3,,0
12310509,,4,MED,4,,0
12310512,,4,MED,4,,0
12310565,,4,MED,4,,0
12310588,,1,MED,1,,0
12310614,,4,MED,4,,0
12310615,,4,MED,4,,0
12310618,,4,MED,4,,0
12310681,,1,MED,1,,0
12310707,,1,MED,1,,0
12310708,,1,MED,1,,0
12321036,,1,MED,1,,0
12321156,,4,MED,4,,0
12321437,,4,MED,4,,0
12321559,,2,MED,2,,0
12321560,,2,MED,2,,0
12322089,,2,MED,2,,0
12322090,,3,MED,3,,0
12322409,,4,MED,4,,0
12322410,,4,MED,4,,0
12322413,,4,MED,4,,0
